ym,event,n_articles
2020-05,financial_results,1
2020-08,financial_results,2
2022-05,financial_results,1
2022-07,clinical_study,1
2022-08,financial_results,1
2022-09,clinical_study,1
2022-09,conference_call_webinar,1
2022-10,partnerships,1
2022-11,clinical_study,1
2022-11,financial_results,1
2022-12,clinical_study,1
2022-12,financing_agreements,1
2023-01,press_releases,1
2023-02,advisory,1
2023-02,clinical_study,1
2023-02,earnings_releases_and_operating_results,1
2023-02,financing_agreements,1
2023-02,observation_status,2
2023-03,clinical_study,1
2023-03,financial_results,1
2023-03,trade_show,1
2023-04,business_contracts,1
2023-04,clinical_study,7
2023-04,conference_call_webinar,1
2023-05,annual_general_meeting,5
2023-05,clinical_study,10
2023-05,conference_call_webinar,1
2023-05,earnings_releases_and_operating_results,2
2023-05,financial_results,4
2023-05,geographic_expansion,1
2023-05,interim_information,1
2023-05,management_changes,2
2023-05,product_services_announcement,2
2023-05,shares_issue,2
2023-06,clinical_study,9
2023-06,conference_call_webinar,2
2023-06,exchange_announcement,1
2023-06,management_changes,2
2023-06,patents,1
2023-06,product_services_announcement,2
2023-06,shares_issue,2
2023-06,warrants_and_certificates,1
2023-07,clinical_study,3
2023-07,conference_call_webinar,2
2023-07,earnings_releases_and_operating_results,2
2023-07,management_changes,1
2023-07,partnerships,1
2023-07,press_releases,1
2023-07,research_analysis_and_reports,1
2023-07,shares_issue,1
2023-07,voting_rights,1
2023-08,clinical_study,7
2023-08,conference_call_webinar,3
2023-08,corporate_action,1
2023-08,earnings_releases_and_operating_results,1
2023-08,financial_results,8
2023-08,interim_information,1
2023-08,partnerships,2
2023-08,product_services_announcement,2
2023-08,regulatory_filings,2
2023-08,shares_issue,1
2023-09,changes_in_share_capital_and_votes,1
2023-09,clinical_study,9
2023-09,conference_call_webinar,4
2023-09,corporate_action,1
2023-09,exchange_announcement,1
2023-09,government_news,1
2023-09,management_changes,3
2023-09,patents,1
2023-09,product_services_announcement,1
2023-09,prospectus_announcement,1
2023-09,shares_issue,3
2023-10,clinical_study,22
2023-10,conference_call_webinar,4
2023-10,corporate_action,2
2023-10,earnings_releases_and_operating_results,5
2023-10,exchange_announcement,4
2023-10,financial_results,2
2023-10,management_changes,1
2023-10,mergers_acquisitions,1
2023-10,partnerships,4
2023-10,regulatory_filings,1
2023-10,shares_issue,1
2023-10,warrants_and_certificates,1
2023-11,clinical_study,22
2023-11,company_regulatory_filings,1
2023-11,conference_call_webinar,7
2023-11,contests_awards,2
2023-11,corporate_action,1
2023-11,earnings_releases_and_operating_results,6
2023-11,exchange_announcement,1
2023-11,financial_results,11
2023-11,management_changes,3
2023-11,patents,1
2023-11,press_releases,2
2023-11,product_services_announcement,4
2023-11,regulatory_filings,1
2023-11,shares_issue,3
2023-12,advisory,1
2023-12,annual_general_meeting,1
2023-12,clinical_study,19
2023-12,company_regulatory_filings,1
2023-12,conference_call_webinar,1
2023-12,exchange_announcement,1
2023-12,financial_results,1
2023-12,financing_agreements,1
2023-12,licensing_agreements,3
2023-12,management_changes,1
2023-12,mergers_acquisitions,1
2023-12,partnerships,1
2023-12,patents,2
2023-12,press_releases,1
2023-12,product_services_announcement,1
2023-12,shares_issue,2
2023-12,voting_rights,1
2024-01,advisory,1
2024-01,clinical_study,20
2024-01,conference_call_webinar,10
2024-01,corporate_action,1
2024-01,earnings_releases_and_operating_results,7
2024-01,exchange_announcement,2
2024-01,financing_agreements,8
2024-01,government_news,1
2024-01,licensing_agreements,1
2024-01,management_changes,5
2024-01,mergers_acquisitions,1
2024-01,partnerships,3
2024-01,patents,2
2024-01,press_releases,2
2024-01,product_services_announcement,2
2024-01,regulatory_filings,4
2024-01,shares_issue,7
2024-02,advisory,1
2024-02,business_contracts,1
2024-02,changes_in_companys_own_shares,1
2024-02,clinical_study,26
2024-02,conference_call_webinar,20
2024-02,corporate_action,2
2024-02,earnings_releases_and_operating_results,11
2024-02,exchange_announcement,1
2024-02,financial_results,7
2024-02,financing_agreements,4
2024-02,geographic_expansion,1
2024-02,interim_information,1
2024-02,joint_venture,1
2024-02,licensing_agreements,1
2024-02,management_changes,3
2024-02,partnerships,4
2024-02,patents,1
2024-02,press_releases,2
2024-02,product_services_announcement,5
2024-02,regulatory_filings,1
2024-02,research_analysis_and_reports,1
2024-02,shares_issue,8
2024-02,trade_show,2
2024-03,annual_general_meeting,1
2024-03,clinical_study,50
2024-03,conference_call_webinar,19
2024-03,corporate_action,3
2024-03,divestiture,1
2024-03,earnings_releases_and_operating_results,10
2024-03,exchange_announcement,1
2024-03,financial_results,13
2024-03,financing_agreements,5
2024-03,licensing_agreements,2
2024-03,management_changes,6
2024-03,partnerships,4
2024-03,patents,2
2024-03,press_releases,3
2024-03,product_services_announcement,1
2024-03,regulatory_filings,2
2024-03,shares_issue,4
2024-03,trade_show,4
2024-04,annual_report,1
2024-04,bankruptcy,1
2024-04,business_contracts,1
2024-04,clinical_study,65
2024-04,conference_call_webinar,14
2024-04,corporate_action,6
2024-04,earnings_releases_and_operating_results,8
2024-04,exchange_announcement,1
2024-04,financial_results,9
2024-04,financing_agreements,2
2024-04,geographic_expansion,1
2024-04,licensing_agreements,2
2024-04,management_changes,1
2024-04,mergers_acquisitions,2
2024-04,observation_status,1
2024-04,partnerships,2
2024-04,patents,2
2024-04,press_releases,4
2024-04,product_services_announcement,2
2024-04,regulatory_filings,4
2024-04,shares_issue,1
2024-04,warrants_and_certificates,1
2024-05,annual_general_meeting,8
2024-05,changes_in_companys_own_shares,1
2024-05,changes_in_share_capital_and_votes,1
2024-05,clinical_study,56
2024-05,conference_call_webinar,46
2024-05,contests_awards,2
2024-05,corporate_action,9
2024-05,delisting_notice,1
2024-05,earnings_releases_and_operating_results,15
2024-05,exchange_announcement,3
2024-05,financial_results,23
2024-05,financing_agreements,5
2024-05,geographic_expansion,1
2024-05,joint_venture,1
2024-05,major_shareholder_announcements,1
2024-05,management_changes,3
2024-05,mergers_acquisitions,1
2024-05,partnerships,1
2024-05,patents,4
2024-05,press_releases,2
2024-05,product_services_announcement,4
2024-05,regulatory_filings,1
2024-05,reverse_stock_split,1
2024-05,shares_issue,1
2024-05,trade_show,3
2024-05,voting_rights,1
2024-06,Patents,1
2024-06,annual_general_meeting,3
2024-06,business_contracts,2
2024-06,clinical_study,42
2024-06,conference_call_webinar,11
2024-06,contests_awards,1
2024-06,corporate_action,6
2024-06,exchange_announcement,3
2024-06,financial_results,1
2024-06,financing_agreements,4
2024-06,geographic_expansion,2
2024-06,law_legal_issues,1
2024-06,licensing_agreements,2
2024-06,management_changes,5
2024-06,mergers_acquisitions,1
2024-06,partnerships,1
2024-06,product_services_announcement,6
2024-06,regulatory_filings,6
2024-06,shares_issue,7
2024-06,voting_rights,1
2024-06,warrants_and_certificates,3
2024-07,advisory,1
2024-07,annual_general_meeting,1
2024-07,capital_investment,1
2024-07,clinical_study,38
2024-07,company_regulatory_filings,1
2024-07,conference_call_webinar,14
2024-07,corporate_action,6
2024-07,earnings_releases_and_operating_results,12
2024-07,environmental_social_governance,1
2024-07,financial_results,3
2024-07,financing_agreements,5
2024-07,geographic_expansion,1
2024-07,interim_information,1
2024-07,licensing_agreements,1
2024-07,management_changes,7
2024-07,mergers_acquisitions,3
2024-07,partnerships,3
2024-07,patents,2
2024-07,product_services_announcement,9
2024-07,production_services_announcement,1
2024-07,regulatory_filings,6
2024-07,shares_issue,7
2024-07,voting_rights,1
2024-07,warrants_and_certificates,1
2024-08,changes_in_share_capital_and_votes,1
2024-08,clinical_study,38
2024-08,conference_call_webinar,33
2024-08,corporate_action,5
2024-08,earnings_releases_and_operating_results,17
2024-08,exchange_announcement,2
2024-08,financial_results,31
2024-08,financing_agreements,4
2024-08,interim_information,1
2024-08,law_legal_issues,1
2024-08,licensing_agreements,2
2024-08,management_changes,8
2024-08,mergers_acquisitions,1
2024-08,partnerships,2
2024-08,patents,2
2024-08,product_services_announcement,8
2024-08,regulatory_filings,5
2024-08,shares_issue,5
2024-08,voting_rights,3
2024-09,advisory,2
2024-09,clinical_study,54
2024-09,company_regulatory_filings,4
2024-09,conference_call_webinar,24
2024-09,contests_awards,2
2024-09,corporate_action,7
2024-09,earnings_releases_and_operating_results,2
2024-09,exchange_announcement,1
2024-09,financial_results,3
2024-09,financing_agreements,9
2024-09,geographic_expansion,1
2024-09,government_news,1
2024-09,initial_public_offerings,2
2024-09,licensing_agreements,1
2024-09,management_changes,2
2024-09,partnerships,6
2024-09,patents,3
2024-09,press_releases,7
2024-09,product_services_announcement,11
2024-09,regulatory_filings,5
2024-09,share_capital_increase,1
2024-09,shares_issue,12
2024-09,voting_rights,1
2024-10,analyst_coverage,2
2024-10,annual_general_meeting,15
2024-10,annual_meetings_shareholder_rights,2
2024-10,annual_report,6
2024-10,bankruptcy,1
2024-10,bond_fixing,7
2024-10,business_contracts,31
2024-10,capital_investment,5
2024-10,changes_in_companys_own_shares,135
2024-10,changes_in_share_capital_and_votes,7
2024-10,clinical_study,56
2024-10,company_regulatory_filings,12
2024-10,conference_call_webinar,49
2024-10,contests_awards,3
2024-10,corporate_action,31
2024-10,dividend_reports_and_estimates,12
2024-10,earning_releases_and_operating_results,1
2024-10,earnings_releases_and_operating_results,167
2024-10,environmental_social_governance,14
2024-10,ex_dividend_date,1
2024-10,exchange_announcement,7
2024-10,extraordinary_general_meeting,2
2024-10,financial_calendar,22
2024-10,financial_results,83
2024-10,financing_agreements,22
2024-10,fund_data_announcement,7
2024-10,geographic_expansion,5
2024-10,government_news,1
2024-10,housing_cession,1
2024-10,initial_public_offerings,4
2024-10,insider_trading,1
2024-10,interim_information,21
2024-10,joint_venture,2
2024-10,law_legal_issues,4
2024-10,licensing_agreements,4
2024-10,major_shareholder_announcements,33
2024-10,management_changes,55
2024-10,management_statements,4
2024-10,managers'_transactions,1
2024-10,managers_transactions,9
2024-10,mergers_acquisitions,29
2024-10,observation_status,2
2024-10,partnerships,10
2024-10,patents,2
2024-10,press_releases,14
2024-10,product_services_announcement,11
2024-10,prospectus_announcement,20
2024-10,regulatory_filings,38
2024-10,restructuring,4
2024-10,share_capital_increase,11
2024-10,shares_issue,36
2024-10,trade_show,6
2024-10,trading_information,13
2024-10,voting_rights,18
2024-10,warrants_and_certificates,1
2024-11,PDMR_trading_notification,1
2024-11,advisory,3
2024-11,analyst_coverage,11
2024-11,annual_general_meeting,85
2024-11,annual_meetings_shareholder_rights,4
2024-11,annual_report,30
2024-11,attachment,1
2024-11,bankruptcy,6
2024-11,bond_fixing,109
2024-11,bonds_issue,1
2024-11,business_contracts,183
2024-11,capital_investment,49
2024-11,changes_in_companys_own_shares,870
2024-11,changes_in_share_capital_and_votes,53
2024-11,clinical_study,149
2024-11,company_regulatory_filings,91
2024-11,conference_call_webinar,155
2024-11,contests_awards,28
2024-11,corporate_action,176
2024-11,credit_rating,2
2024-11,credit_rating_changes,1
2024-11,credit_rating_updates,1
2024-11,dealings-securities-director-and-associates-director,1
2024-11,divestitures,2
2024-11,divestment,1
2024-11,dividend_reports_and_estimates,45
2024-11,earnings_releases_and_operating_results,510
2024-11,employee_share_ownership,1
2024-11,employee_share_purchase_programs,1
2024-11,employee_stock_ownership,1
2024-11,environmental_social_governance,57
2024-11,ex_dividend_date,28
2024-11,exchange_announcement,62
2024-11,exploration,1
2024-11,extraordinary_general_meeting,31
2024-11,extraordinary_general_meetings,1
2024-11,feature_article,1
2024-11,financial_calendar,119
2024-11,financial_results,297
2024-11,financing_agreements,98
2024-11,fund_data_announcement,15
2024-11,geographic_expansion,27
2024-11,government_news,10
2024-11,guidance_adjustment,1
2024-11,initial_public_offerings,11
2024-11,insider_transactions,1
2024-11,interim_information,63
2024-11,investor_relations,2
2024-11,joint_venture,4
2024-11,law_legal_issues,22
2024-11,licensing_agreements,13
2024-11,liquidity_agreements,1
2024-11,liquidity_contracts,1
2024-11,major_shareholder_announcements,259
2024-11,management_changes,197
2024-11,management_statements,15
2024-11,management_transactions,3
2024-11,managers'_transactions,3
2024-11,managers_transactions,11
2024-11,market_making,1
2024-11,market_research_reports,2
2024-11,mergers_acquisitions,196
2024-11,monthly_statement,1
2024-11,nomination_committee,3
2024-11,observation_status,8
2024-11,operational_update,1
2024-11,partnerships,84
2024-11,patents,11
2024-11,press_releases,122
2024-11,product_services_announcement,59
2024-11,profit_warning,2
2024-11,prospectus_announcement,48
2024-11,regulatory_filings,143
2024-11,research_analysis_and_reports,5
2024-11,restructuring,3
2024-11,share_capital_increase,50
2024-11,shares_issue,140
2024-11,stabilization_measures,1
2024-11,strategic_plans,1
2024-11,strategic_restructuring,1
2024-11,trade_show,5
2024-11,trading_information,43
2024-11,voting_rights,163
2024-11,warrants_and_certificates,31
2024-12,advisory,5
2024-12,analyst_coverage,2
2024-12,annual_general_meeting,27
2024-12,annual_report,13
2024-12,bankruptcy,7
2024-12,bond_fixing,20
2024-12,business_contracts,91
2024-12,capital_investment,18
2024-12,changes_in_companys_own_shares,403
2024-12,changes_in_share_capital_and_votes,15
2024-12,clinical_study,65
2024-12,company_regulatory_filings,30
2024-12,conference_call_webinar,29
2024-12,contests_awards,3
2024-12,corporate_action,47
2024-12,dividend_reports_and_estimates,14
2024-12,earnings_releases_and_operating_results,30
2024-12,environmental_social_governance,22
2024-12,ex_dividend_date,4
2024-12,exchange_announcement,28
2024-12,extraordinary_general_meeting,11
2024-12,extraordinary_meeting,1
2024-12,feature_article,1
2024-12,financial_calendar,110
2024-12,financial_results,29
2024-12,financing_agreements,26
2024-12,fund_data_announcement,9
2024-12,geographic_expansion,25
2024-12,government_news,2
2024-12,interim_information,4
2024-12,investor_update,1
2024-12,joint_venture,6
2024-12,law_legal_issues,7
2024-12,licensing_agreements,14
2024-12,major_shareholder_announcements,79
2024-12,management_changes,71
2024-12,management_statements,2
2024-12,management_transactions,1
2024-12,mergers_acquisitions,92
2024-12,milestone_achievement,1
2024-12,observation_status,9
2024-12,partnerships,32
2024-12,patents,3
2024-12,press_releases,50
2024-12,product_services_announcement,27
2024-12,prospectus_announcement,6
2024-12,recapitalization,1
2024-12,regulatory_filings,67
2024-12,related_party_transaction,1
2024-12,research_analysis_and_reports,9
2024-12,restructuring,3
2024-12,restructuring_proceedings,1
2024-12,settlement,1
2024-12,share buyback,1
2024-12,share_capital_increase,21
2024-12,shares_issue,67
2024-12,strategic_review,1
2024-12,trade_show,1
2024-12,trading_information,11
2024-12,voting_rights,99
2024-12,warrants_and_certificates,13
2025-01,acquisition,1
2025-01,advisory,5
2025-01,analyst_coverage,7
2025-01,annual_general_meeting,146
2025-01,annual_meetings_shareholder_rights,2
2025-01,annual_report,42
2025-01,bankruptcy,14
2025-01,bond_fixing,72
2025-01,business_contracts,190
2025-01,capital_investment,33
2025-01,certification,1
2025-01,changes_in_companys_own_shares,704
2025-01,changes_in_share_capital_and_votes,39
2025-01,clinical_study,130
2025-01,company_announcement,1
2025-01,company_regulatory_filings,67
2025-01,conference_call_webinar,100
2025-01,contests_awards,10
2025-01,corporate_action,97
2025-01,debt_restructuring,1
2025-01,dividend_reports_and_estimates,33
2025-01,earnings_releases_and_operating_results,399
2025-01,employee_share_savings_plan,1
2025-01,environmental_social_governance,39
2025-01,error,1
2025-01,ex_dividend_date,2
2025-01,exchange_announcement,49
2025-01,extraordinary_general_meeting,16
2025-01,feature_article,5
2025-01,financial_calendar,124
2025-01,financial_results,182
2025-01,financing_agreements,105
2025-01,fund_data_announcement,20
2025-01,geographic_expansion,29
2025-01,government_news,6
2025-01,initial_public_offerings,8
2025-01,insider_transactions,1
2025-01,insurance_claim_settlement,1
2025-01,insurance_settlement,1
2025-01,interim_information,49
2025-01,joint_venture,7
2025-01,law_legal_issues,20
2025-01,licensing_agreements,23
2025-01,liquidity_agreement,1
2025-01,liquidity_contract,6
2025-01,liquidity_contracts,3
2025-01,liquidity_provider_appointment,1
2025-01,major_shareholder_announcements,170
2025-01,management_changes,182
2025-01,management_statements,3
2025-01,managers'_transactions,1
2025-01,managers_transactions,5
2025-01,market_research_reports,4
2025-01,mergers_acquisitions,151
2025-01,observation_status,12
2025-01,orphan_drug_designation,1
2025-01,partnerships,71
2025-01,patents,11
2025-01,pre-release_comments,1
2025-01,press_releases,87
2025-01,product_services_announcement,55
2025-01,profit_warning,1
2025-01,prospectus_announcement,15
2025-01,regulatory_filings,127
2025-01,research_analysis_and_reports,1
2025-01,restructuring,6
2025-01,restructuring_initiatives,1
2025-01,share_capital_increase,32
2025-01,shares_issue,91
2025-01,strategy_development,1
2025-01,technical_issue,3
2025-01,trade_show,5
2025-01,trading_information,78
2025-01,transactiondirigenteen,1
2025-01,transparency_notification,1
2025-01,voting_rights,177
2025-01,warrants_and_certificates,15
2025-02,It seems that the news content you provided is empty. Could you please provide a specific piece of news or more context so I can help you pick the best tag?,1
2025-02,Please provide specific details or context about the news so I can choose the most appropriate tag.,1
2025-02,Please provide the specific news content for accurate tagging.,1
2025-02,The best tag for this news is: partnerships,1
2025-02,The news does not contain any information or context for which to choose a tag.,1
2025-02,"Without any news content provided, I'm unable to select the most appropriate tag from the list. If you could provide some context or details about the news, I would be able to give you a suitable tag.",1
2025-02,"Without any specific details or context from the news content, it is impossible to accurately categorize it. However, if we must select a tag, I would choose: press_releases",1
2025-02,"Without any specific news content provided in your request, I cannot accurately choose the best tag that describes the news. Please provide a brief description or key details of the news for a more appropriate tag selection.",1
2025-02,"Without any specific news content provided, it's not possible to select the best tag that accurately describes the news. Could you please provide more information or specify the topic of the news?",1
2025-02,"Without more information about the content of the news, it's not possible to accurately choose the best tag. Could you please provide more context or details about the subject of the news?",1
2025-02,"Without more information or context about the news article you would like to classify, it's impossible to choose the best tag. Could you please provide more details or specify the content or theme of the news story?",1
2025-02,"Without specific details about the news content, it is impossible to choose an appropriate tag. If more information is provided, a better selection can be made.",1
2025-02,"Without specific details or context within the news """", it isn't possible to accurately assign one tag from the provided list. If you can provide some context or content of the news, I can help choose the most appropriate tag.",1
2025-02,advisory,3
2025-02,analyst_coverage,9
2025-02,annual_general_meeting,111
2025-02,annual_meetings_shareholder_rights,2
2025-02,annual_report,128
2025-02,attachments,2
2025-02,bankruptcy,11
2025-02,bond_fixing,94
2025-02,business_contracts,143
2025-02,capital_investment,13
2025-02,changes_in_companys_own_shares,557
2025-02,changes_in_share_capital_and_votes,25
2025-02,clinical_study,112
2025-02,company_regulatory_filings,56
2025-02,conference_call_webinar,123
2025-02,contests_awards,5
2025-02,corporate_action,126
2025-02,dividend_reports_and_estimates,102
2025-02,drilling_results,1
2025-02,earnings_releases_and_operating_results,573
2025-02,employee_share_savings_plan,1
2025-02,environmental_social_governance,35
2025-02,ex_dividend_date,15
2025-02,exchange_announcement,48
2025-02,extraordinary_general_meeting,5
2025-02,feature_article,2
2025-02,financial_calendar,45
2025-02,financial_results,355
2025-02,financing_agreements,58
2025-02,fund_data_announcement,5
2025-02,geographic_expansion,23
2025-02,government_news,4
2025-02,initial_public_offerings,4
2025-02,insider_transactions,2
2025-02,interim_information,14
2025-02,joint_venture,7
2025-02,law_legal_issues,11
2025-02,letter_to_shareholders,1
2025-02,licensing_agreements,8
2025-02,major_shareholder_announcements,163
2025-02,management_changes,123
2025-02,management_statements,8
2025-02,manager_transaction,3
2025-02,managers'_transactions,2
2025-02,managers_transactions,3
2025-02,market_research_reports,2
2025-02,mergers_acquisitions,132
2025-02,news_placeholder,1
2025-02,observation_status,7
2025-02,partnerships,55
2025-02,patents,4
2025-02,press_releases,103
2025-02,product_services_announcement,58
2025-02,prospectus_announcement,13
2025-02,rating_agency_actions,1
2025-02,real_estate_development,1
2025-02,regulatory_filings,126
2025-02,remuneration,1
2025-02,rescheduling,1
2025-02,research_analysis_and_reports,3
2025-02,restructuring,1
2025-02,share_capital_increase,33
2025-02,shares_issue,71
2025-02,stock_option_program,1
2025-02,strategy_adjustment,2
2025-02,technical_issue,2
2025-02,trade_show,10
2025-02,trading_information,5
2025-02,voting_rights,199
2025-02,warrants_and_certificates,10
2025-03,This input does not provide any specific news content to assign a tag to. Please specify the news content or context for an appropriate tag assignment.,1
2025-03,"Without a specific news headline or content provided for evaluation, it’s difficult to select the most appropriate tag. Could you please provide some context or details from the news to assist with tagging?",1
2025-03,"Without any content in the news provided ("" ""), I cannot determine the best tag. Please provide the content or context of the news.",1
2025-03,"Without any provided news content, selecting an appropriate tag is impossible as I have no context. If you provide the news text or topic, I can help choose the most fitting tag.",1
2025-03,"Without specific content from the news, it's challenging to select the most appropriate tag. Could you provide more context or detail so I can assist you better?",1
2025-03,"Without specific context or details about the news, I am unable to select the most appropriate tag. If you provide more information about the content of the news, I can assist you better in choosing the right tag.",1
2025-03,"Without the content of the news, I am unable to pick the best tag to describe it. Please provide more information about the news.",1
2025-03,"Without the specific details of the news content, it's challenging to assign an accurate tag. Please provide a brief summary or key points of the news for precise tagging.",1
2025-03,advisory,9
2025-03,analyst_coverage,5
2025-03,annual_general_meeting,344
2025-03,annual_meetings_shareholder_rights,5
2025-03,annual_report,351
2025-03,bankruptcy,14
2025-03,bond_fixing,86
2025-03,business_contracts,106
2025-03,capital_investment,47
2025-03,changes_in_companys_own_shares,697
2025-03,changes_in_share_capital_and_votes,32
2025-03,clinical_study,153
2025-03,company_regulatory_filings,51
2025-03,conference_call_webinar,88
2025-03,contests_awards,18
2025-03,corporate_action,128
2025-03,correction,1
2025-03,credit_rating,3
2025-03,dealings-securities-director-and-associate-director-nepi-rockcastle,1
2025-03,dividend_reports_and_estimates,35
2025-03,earnings_releases_and_operating_results,92
2025-03,employee_share_savings_plan,1
2025-03,employee_shareholding,1
2025-03,environmental_social_governance,31
2025-03,ex_dividend_date,17
2025-03,exchange_announcement,58
2025-03,exploration,1
2025-03,extraordinary_general_meeting,6
2025-03,feature_article,1
2025-03,financial_calendar,27
2025-03,financial_results,265
2025-03,financing_agreements,85
2025-03,fund_data_announcement,5
2025-03,geographic_expansion,21
2025-03,government_news,15
2025-03,hedging,1
2025-03,initial_public_offerings,2
2025-03,interim_information,15
2025-03,investor_day,1
2025-03,joint_venture,8
2025-03,law_legal_issues,20
2025-03,licensing_agreements,19
2025-03,major_shareholder_announcements,127
2025-03,management_changes,149
2025-03,management_statements,2
2025-03,manager_transaction,1
2025-03,managerial_transactions,1
2025-03,managers_transactions,20
2025-03,market_making_contracts,1
2025-03,market_research_reports,2
2025-03,mergers_acquisitions,120
2025-03,news,1
2025-03,observation_status,10
2025-03,operational_performance,1
2025-03,partnerships,70
2025-03,patents,17
2025-03,press_releases,110
2025-03,product_services_announcement,70
2025-03,prospectus_announcement,11
2025-03,regulatory_filings,168
2025-03,research_analysis_and_reports,3
2025-03,share_capital_increase,47
2025-03,shares_issue,102
2025-03,strategic_review,1
2025-03,trade_show,18
2025-03,trading_information,1
2025-03,voting_rights,153
2025-03,warrants_and_certificates,25
2025-04,AGM,1
2025-04,advisory,3
2025-04,analyst_coverage,5
2025-04,annual_general_meeting,859
2025-04,annual_meetings_shareholder_rights,1
2025-04,annual_report,476
2025-04,bankruptcy,16
2025-04,bond_fixing,80
2025-04,business_contracts,82
2025-04,capital_investment,26
2025-04,changes_in_companys_own_shares,724
2025-04,changes_in_share_capital_and_votes,68
2025-04,clinical_study,156
2025-04,company_regulatory_filings,62
2025-04,conference_call_webinar,127
2025-04,contests_awards,18
2025-04,corporate_action,173
2025-04,credit_rating,5
2025-04,credit_rating_update,1
2025-04,dividend_reports_and_estimates,70
2025-04,earnings_releases_and_operating_results,238
2025-04,employee_share_ownership,1
2025-04,environmental_social_governance,38
2025-04,ex_dividend_date,33
2025-04,exchange_announcement,43
2025-04,extraordinary_general_meeting,1
2025-04,feature_article,2
2025-04,financial_calendar,46
2025-04,financial_results,519
2025-04,financing_agreements,44
2025-04,fund_data_announcement,9
2025-04,geographic_expansion,40
2025-04,government_news,20
2025-04,incentive_programme,1
2025-04,initial_public_offerings,6
2025-04,interim_information,47
2025-04,joint_venture,10
2025-04,law_legal_issues,22
2025-04,licensing_agreements,15
2025-04,long-term_incentive_plan,2
2025-04,major_shareholder_announcements,70
2025-04,management_changes,185
2025-04,management_statements,9
2025-04,manager_transactions,2
2025-04,managerial_transactions,2
2025-04,managers_transactions,10
2025-04,market_research_reports,4
2025-04,mergers_acquisitions,202
2025-04,nomination_committee,1
2025-04,observation_status,12
2025-04,partnerships,73
2025-04,patents,16
2025-04,press_releases,112
2025-04,product_services_announcement,99
2025-04,prospectus_announcement,7
2025-04,regulatory_filings,218
2025-04,research_analysis_and_reports,5
2025-04,share_capital_increase,50
2025-04,shares_issue,78
2025-04,strategic_targets,1
2025-04,sustainability,1
2025-04,trade_show,14
2025-04,trading_information,4
2025-04,transparency_notifications,1
2025-04,votes,1
2025-04,voting_rights,135
2025-04,warrants_and_certificates,18
2025-05,advisory,3
2025-05,analyst_coverage,7
2025-05,announcement,1
2025-05,annual_general_meeting,681
2025-05,annual_meetings_shareholder_rights,4
2025-05,annual_report,67
2025-05,bankruptcy,11
2025-05,bond_fixing,109
2025-05,business_contracts,78
2025-05,capital_investment,46
2025-05,changes_in_companys_own_shares,821
2025-05,changes_in_share_capital_and_votes,74
2025-05,clinical_study,188
2025-05,company_regulatory_filings,40
2025-05,conference_call_webinar,130
2025-05,contests_awards,11
2025-05,corporate_action,172
2025-05,cost_savings,1
2025-05,credit_rating,1
2025-05,delisting,1
2025-05,dividend_reports_and_estimates,82
2025-05,earnings_releases_and_operating_results,270
2025-05,employee_share_ownership,2
2025-05,energy,1
2025-05,environmental_social_governance,41
2025-05,ex_dividend_date,51
2025-05,exchange_announcement,58
2025-05,extraordinary_general_meeting,7
2025-05,feature_article,1
2025-05,financial_calendar,41
2025-05,financial_results,630
2025-05,financing_agreements,72
2025-05,fleet_status_report,1
2025-05,fund_data_announcement,10
2025-05,geographic_expansion,46
2025-05,government_news,19
2025-05,initial_public_offerings,3
2025-05,interim_information,54
2025-05,joint_venture,5
2025-05,law_legal_issues,13
2025-05,licensing_agreements,8
2025-05,major_shareholder_announcements,107
2025-05,managemen_changes,1
2025-05,management_changes,195
2025-05,manager_transaction,2
2025-05,manager_transactions,3
2025-05,managerial_transactions,10
2025-05,managers'_transactions,2
2025-05,managers_transactions,79
2025-05,market_research_reports,3
2025-05,mergers_acquisitions,167
2025-05,observation_status,23
2025-05,partnerships,96
2025-05,patents,11
2025-05,press_releases,136
2025-05,product_services_announcement,123
2025-05,prospectus_announcement,17
2025-05,regulatory_filings,164
2025-05,research_analysis_and_reports,2
2025-05,rights_issue,1
2025-05,share_capital_increase,65
2025-05,shares_issue,117
2025-05,sustainability-linked_bonds,1
2025-05,trade_show,9
2025-05,trading_information,15
2025-05,voting_rights,121
2025-05,warrants_and_certificates,17
2025-06,advisory,2
2025-06,analyst_coverage,5
2025-06,annual_general_meeting,268
2025-06,annual_meetings_shareholder_rights,1
2025-06,annual_report,37
2025-06,bankruptcy,25
2025-06,bond_fixing,84
2025-06,business_contracts,75
2025-06,capital_investment,32
2025-06,changes_in_companys_own_shares,783
2025-06,changes_in_share_capital_and_votes,63
2025-06,clinical_study,135
2025-06,company_regulatory_filings,26
2025-06,conference_call_webinar,66
2025-06,contests_awards,20
2025-06,corporate_action,166
2025-06,credit_rating,4
2025-06,credit_ratings,1
2025-06,dividend_reports_and_estimates,37
2025-06,earnings_releases_and_operating_results,47
2025-06,employee_share_purchase_programme,1
2025-06,environmental_social_governance,43
2025-06,ex_dividend_date,11
2025-06,exchange_announcement,64
2025-06,extraordinary_general_meeting,7
2025-06,feature_article,3
2025-06,financial_calendar,34
2025-06,financial_results,110
2025-06,financing_agreements,95
2025-06,fund_data_announcement,11
2025-06,geographic_expansion,57
2025-06,government_news,22
2025-06,initial_public_offerings,19
2025-06,interim_information,15
2025-06,joint_venture,15
2025-06,law_legal_issues,16
2025-06,licensing_agreements,17
2025-06,major_shareholder_announcements,107
2025-06,management_changes,190
2025-06,management_statements,5
2025-06,managerial_transactions,2
2025-06,managers'_transactions,1
2025-06,managers_transactions,33
2025-06,managing_changes,1
2025-06,market_research_reports,3
2025-06,mergers_acquisitions,206
2025-06,observation_status,16
2025-06,partnerships,98
2025-06,patents,5
2025-06,press_releases,115
2025-06,product_services_announcement,115
2025-06,prospectus_announcement,28
2025-06,rebranding,1
2025-06,regulatory_filings,158
2025-06,research_analysis_and_reports,1
2025-06,share_capital_increase,62
2025-06,shareholders_nomination_board,1
2025-06,shares_issue,150
2025-06,strategic_plan,1
2025-06,strategic_review,1
2025-06,trade_show,12
2025-06,trading_information,2
2025-06,voting_rights,56
2025-06,warrants_and_certificates,22
2025-07,advisory,5
2025-07,analyst_coverage,6
2025-07,annual_general_meeting,117
2025-07,annual_meetings_shareholder_rights,3
2025-07,annual_report,25
2025-07,bankruptcy,17
2025-07,bond_fixing,82
2025-07,business_contracts,104
2025-07,capital_investment,61
2025-07,changes_in_companys_own_shares,1109
2025-07,changes_in_share_capital_and_votes,69
2025-07,changes_in_shareholdings,1
2025-07,clinical_study,146
2025-07,company_regulatory_filings,59
2025-07,conference_call_webinar,178
2025-07,contests_awards,45
2025-07,corporate_action,233
2025-07,credit_rating,2
2025-07,delisting,1
2025-07,dividend_reports_and_estimates,103
2025-07,earnings_releases_and_operating_results,580
2025-07,environmental_social_governance,44
2025-07,ex_dividend_date,10
2025-07,exchange_announcement,66
2025-07,extraordinary_general_meeting,6
2025-07,feature_article,6
2025-07,financial_calendar,34
2025-07,financial_results,1229
2025-07,financing_agreements,106
2025-07,fund_data_announcement,10
2025-07,geographic_expansion,96
2025-07,government_news,49
2025-07,initial_public_offerings,15
2025-07,interim_information,197
2025-07,joint_venture,24
2025-07,law_legal_issues,359
2025-07,licensing_agreements,17
2025-07,liquidity_agreement,1
2025-07,liquidity_contract,1
2025-07,major_shareholder_announcements,173
2025-07,management_changes,265
2025-07,management_statements,9
2025-07,manager_transactions,1
2025-07,managerial_transactions,1
2025-07,managers_transactions,19
2025-07,mandatory_notifications,1
2025-07,market_research_reports,39
2025-07,mergers_acquisitions,405
2025-07,observation_status,14
2025-07,partnerships,177
2025-07,patents,15
2025-07,press_releases,195
2025-07,product_services_announcement,187
2025-07,profit_warning,2
2025-07,prospectus_announcement,26
2025-07,recapitalization,2
2025-07,regulatory_filings,338
2025-07,research_analysis_and_reports,2
2025-07,share_capital_increase,69
2025-07,shares_issue,103
2025-07,special_general_meeting,1
2025-07,stabilization,1
2025-07,stabilization_measures,1
2025-07,trade_show,6
2025-07,trading_information,35
2025-07,transfer,2
2025-07,voting_rights,94
2025-07,warrants_and_certificates,11
2025-08,advisory,11
2025-08,analyst_coverage,1
2025-08,annual_general_meeting,89
2025-08,annual_meetings_shareholder_rights,3
2025-08,annual_report,13
2025-08,bankruptcy,14
2025-08,bond_fixing,55
2025-08,business_contracts,40
2025-08,capital_investment,24
2025-08,changes_in_companys_own_shares,612
2025-08,changes_in_share_capital_and_votes,36
2025-08,clinical_study,201
2025-08,company_regulatory_filings,19
2025-08,conference_call_webinar,223
2025-08,contests_awards,36
2025-08,corporate_action,121
2025-08,dividend_reports_and_estimates,112
2025-08,earnings_releases_and_operating_results,440
2025-08,environmental_social_governance,29
2025-08,ex_dividend_date,3
2025-08,exchange_announcement,26
2025-08,feature_article,4
2025-08,financial_calendar,30
2025-08,financial_results,954
2025-08,financing_agreements,87
2025-08,fund_data_announcement,25
2025-08,geographic_expansion,59
2025-08,government_news,17
2025-08,initial_public_offerings,16
2025-08,interim_information,61
2025-08,joint_venture,6
2025-08,law_legal_issues,676
2025-08,licensing_agreements,9
2025-08,major_shareholder_announcements,105
2025-08,management_changes,174
2025-08,management_statements,8
2025-08,market_research_reports,91
2025-08,mergers_acquisitions,175
2025-08,partnerships,79
2025-08,patents,8
2025-08,press_releases,68
2025-08,product_services_announcement,114
2025-08,prospectus_announcement,12
2025-08,regulatory_filings,340
2025-08,research_analysis_and_reports,1
2025-08,share_capital_increase,25
2025-08,shares_issue,54
2025-08,trade_show,10
2025-08,trading_information,4
2025-08,voting_rights,63
2025-08,warrants_and_certificates,16
