term_sha256,df_in_ma_train,idf
6557739a67283a8de383fc5c0997fbec7c5721a46f28f3235fc9607598d9016b,48,3.70396
fb8e20fc2e4c3f248c60c39bd652f3c1347298bb977b8b4d5903b85055620603,37,3.95819
036a27ced5fa099a34c38ed088a111984afdbfb741ee8bf5a8937df084ea48a8,11,5.11087
d5df61d74243bc947cb918e03f0d8269d1889c29377d97cb02a2a4f67f689bf8,56,3.55273
7bcde334bfa6108f0f9d3ce6aba0020c71400e89e7760332bc9f6218c2346e2c,10,5.19789
7ccab80fdcb9bdbd7ed2aa9e683f708ad7d0204b4da1802ac71f381125b19c18,86,3.12987
31de312977fc2ebdfead5003842e1a6cea1f1ea29b8de13ff4e9e3e90b2b47a1,190,2.34351
624c955406208680624b70ecf3941f4d7477c338ef91dc0246c5a0947cbd6b61,14,4.88773
46a81739c6ee7c1d5ed084e7de843a7ed79435cd445513e4dd5c4e5ac395fb4b,47,3.72458
e565dd60909ee3e6b1a19f3493652511c578cdcbe54c9c91600ecc0eaf063b01,13,4.95672
93c19dc00dae7cf1d667fbd3297309fc3e507af92e2ded2432700d8d3005a247,38,3.93222
b323ba8eb5a4df2f162b251ea20b37f6887c7f88714de8ab70ebb4dc99beade5,42,3.83458
859169b38185780daa5497983ff20d2994390058d8a71f2847ac7846f970971e,12,5.03083
210760fba8185013b53530a17160a0cb03788b5c9e1c1426154eae50b6b562b4,10,5.19789
11d40417959631d3d2420e8cd8709893c11cd7a4db737af63e8d56cfa7866f85,32,4.09927
bd08022e8fb80701512cd13c5f36b2ee06065bcde73329f41423dbd086c27281,30,4.16179
ab0fcec08e18a7bccda1e81df4974e3434fcd36000518f7e776fb85495b5a494,11,5.11087
b0eb83deba26d9cb5f9ea8b8f63e1cc3d01d3e58ce21e213b9e31c28a2cb2d8a,13,4.95672
f168ccdd91548c5a8c871bd4b9b757c5e889a1672e774bddef4a2714759a7a8f,28,4.22848
4ddb3e96801a1ee2b77dc5247c0db478d5f97a93b90e7cdb09f5f51d43764b08,26,4.29994
68c4c71cc1d8de69af11d8cb9072e1714ba3c2067cc852f101691b4a92854200,57,3.53534
7242dfd44b1ebef4fa2ad4d3abf2fea23ff5a4c798e2a8db6e6c033ea39e29c6,12,5.03083
65a07093bf150e9879769b43302eb02fdc1d1f33860108f6651a21e5c48f667d,14,4.88773
bfa16e1513837a8cc70514a8a181fc74369ed264eb87277837e1c3691500ac1a,15,4.82319
8745f86640ad2ed6b8a2fd428845df3daa1cfcdba9ef74c0cfaa57cacec34f5b,19,4.60005
ccf601bc516cd0a99e558b4dd0c2a660c58a45a7fa2f3151877c9f3e66cba88b,10,5.19789
f18590c88ed5c2dcd0213920a584250234cbc46fcdd8559c2b9fe7e4b8502c6c,14,4.88773
62f2f0f1eff10d3152c95f6f0596576e482bb8e44806433f4cf929792834b014,10,5.19789
def97cdd23ee08e8bc1a5479e3746d33fb6a3e707a7adad4f3ab8fae2d120b56,10,5.19789
92b1dd870bbe93bb26b50defae93eb2e1973e7e66a4363300d0e8d6243129e48,11,5.11087
381cfb6e1e428419d5d6b5d113be06a9023d6407ebe388791ec3d59100d87ec5,7,5.51634
28faaa675ccec57fe305711dbd97794c0e6c6be0be6f5610b2b6153a67e7b3b9,13,4.95672
7f3a98bcabcb3fe71d099c69fda6de33a6c0e7b2df8b7dd79ed161f1b0920372,14,4.88773
faab4c1df21799f2861d3e6c45c059200665e7c94d00ea8bfda15857f4fbb1f3,8,5.39856
ab27b729d9cc4cb1c00960700446924159e9298d0f952aee3d55408b8e0b1b71,27,4.26358
8ce1449767372eac10cee8fd9f8d660ae32a93f23348473a26c10fe112372b3f,10,5.19789
2443630b4620165c8b173e7265e17526fe2787ae594364dd6d839ad58f2fc007,13,4.95672
e93833271f8327987aecb584334a3895e6451f71bdb78077f2b0967240f07aca,11,5.11087
a93dda58339c950e06f27b983a65e65c650653db1db07e9a6a89651674a48f05,6,5.64987
f539a6b4b61fd37f810cc737f0f958abbcffdcfcae34e5692d475ae8af2f7ce7,15,4.82319
ad936fcbed631fa67e05c3ea03953905221c9d46af0616b70badf105a966fb11,102,2.96105
9f2b949210dd41fa2ee2dcfcf4a5bb998805292d465e44790cb5c7739f9033a9,6,5.64987
64da817f607e940546c59f63e69dc0cf1e2e4b079de5b083cd6e1800f669b87c,17,4.70541
e77b141e2388d56c0cb9cb1aef69f74d6b93507da7acdb99cf73bd831bb5fa0a,13,4.95672
dea7111a8406e27cfc8bf5f49c5d40898402b0b584b3285f069170a36f9eec31,26,4.29994
4a502846d070e2088b7025abe80629830bf03d7ab5624d5e91f332bc9d049d3f,8,5.39856
30adc606fce3d6b75837c5a9c3c1020f6cb132a3f315685468f5f4a1b10583db,10,5.19789
7b508dace774f8adc1b121c1812b740904be6dfd37e3b5e3579bc81fbf6f5553,10,5.19789
8880894de4fc1864c60ed6af5dc8afb16fd41c113688bc2620950259515e610e,19,4.60005
226f9e95eca7880a11501e8e7308b5947ae36c37f82e7a15bc606823ad5f0ca0,11,5.11087
288965a1f2c883c71bff8a4b3a1b76cc77d11e65f70910d5feff411a4e5fe1b3,9,5.2932
3e80c8f142086e0ab687fc50deef3b70a4f2d43fef0f2840e1ef9f8f25636a93,18,4.65134
a1b6effe58cc04464802c60ae3be07b68ac88cd35f1dc60b56e80fc2a0a9b5ef,12,5.03083
e4d693d24e646cb7878426225d90d2607fd40e2e7c82f4cf8246b2cc3e0decb8,18,4.65134
721c9525ade2ea8903d343ef25cf68b9bf4ab0aad56bb7b01fbe48d09bc7fcf4,17,4.70541
3e167607d1438b89513505ae27e2a07be91d796a38179d94701a8cb5cafd47f4,27,4.26358
c8ce96a5ba0d15da2f247baa360670438c5f6cb2115514d8992c2e8c7c8ea7c0,15,4.82319
3f8fee624f43b2a9d685353269a0ab3eac785863ab6227636db1060fba1855e0,11,5.11087
11507a0e2f5e69d5dfa40a62a1bd7b6ee57e6bcd85c67c9b8431b36fff21c437,35,4.01226
dc365e79d41cfae1c3c0d969319ae62165b81b1815a86c32bbc6c64cbdf2311b,12,5.03083
b68823eded0bc9c7f3317d601ac24f6ac563895cee8e5a2bd2ca475906fe2615,15,4.82319
988180bf0c9328c9e8bd082755c647048ae82481fd06799bad05f2e1a4e1339c,104,2.94182
514cb13f603464f97849ba88d2d4f9698003a9323de9b7a3d162ef76f6998122,11,5.11087
5a452459503be70d2ed2fca46dd91e05e820a957f175686a77d03fff80f664fe,21,4.50474
dff0669b4df441c26626db0001cd5bee7fc888cecab2a00d03144e90915d6272,11,5.11087
842fcb5e60989a03d08ee07f9bea0a0a4a824d991fe8cc055f3a89e05c5c392e,13,4.95672
715dc8493c36579a5b116995100f635e3572fdf8703e708ef1a08d943b36774e,13,4.95672
244210e48437b6556980a70249a99369934a352429034cef9d7bd253b3bf2c01,19,4.60005
fc9184134ae5672878413fff088dd0a1db30d18dc2a855da6345c7ab592ac46f,18,4.65134
efa1f375d76194fa51a3556a97e641e61685f914d446979da50a551a4333ffd7,57,3.53534
7048dc8aa7663e713097535171b4ed72ab015705a885de9636e66d4b1fa18804,35,4.01226
318c5ad51e9b36ff5924ae323dd59031245413a3e0f2aa3e03cc42902e9e7acc,13,4.95672
ed7f0287406dc11011f760a1622dea563dae3414cc156113b6afa475098c8b5f,21,4.50474
a4d451ec23463726f72c43d64c710968f6b602cd653b4de8adee1b556240a829,16,4.76257
c099142bc3186ded72786ba27e9ea6d2da240fb9fd3fe79b479ecf8e734b2850,18,4.65134
1f7101fe71011ba0872a2e069e8f26c98d6af9ebf8e67bb0c1a559fa9569aa6b,38,3.93222
401045dc4f861002c2494449ee92a7063f34aa49e4708ea6e3231b14d5d7b579,19,4.60005
ef1c4b45f2ed763283f8de890730defb2e7d1f8f0cc4214b740dd8cc5f10364d,16,4.76257
c3bc45ac352fe43ff8f0a1cc26d6cc29f71f536dc417906f8513ea44ed4bb161,29,4.19458
7fe6db78a2c999cb16d280f917ff3a05925f0debf684b3935b9fa9a64400582c,23,4.41773
8b3d14236aff83b16fe4e524c9b27f90ebee703d75e2cb7e4976fe1f73affd21,10,5.19789
4a64609f7db9facca39eaf9f66d77f8f030236e4a826d9fabd09f6b27c465c54,110,2.88625
e259202cf023eab7796e37ae870c07f3034381e23084c6ee8907675b62c22fdd,18,4.65134
35390f5453e810b6248028c63e5860ce4b2ec6401d3849a7f4f871c0d183c22b,14,4.88773
23fc951e4917731273340d66594855bccc3bc14b8854616ec64ed54a8405df52,12,5.03083
dc8743898e901871cc9fecb90b76a1d9ff001ba9d601a130168bc0951907c3fd,9,5.2932
f4caf4ff95731a23e49cb9dde141e8c6980ef5af5f7da847b7f802702239f36c,25,4.33768
850be92fa1e3f6a7013e2bee5567ae79bd97be8fed8b144534e2a402409eb145,12,5.03083
29a03274d109f779317afe5b14e806f9a7388232916b8bcb0d3a21ee99fba439,27,4.26358
d30e4f264ace342a945b696772eeb175a82a32a086409907bdec6eecbd5e7470,22,4.46029
b728667e3b2a6ac971df1482b1268018519bd6a43098bdee48260a67e6015b6b,14,4.88773
5932b2bbe74c4afaae18b853d8c4702808c9bbf42eecd3fa7a24fd9a67f8c97f,16,4.76257
fe9bbd400bb6cb314531e3462507661401959afc69aae96bc6aec2c213b83bc1,10,5.19789
a9eba7c405ea67a1992992d7464ad4f04b7e8dffa39e249c6b26aaa54cc853de,36,3.98486
ce922519a3c3ecaf9b0986c2449c7680895c15f4b0e9818e994e14a4d28b6aaf,12,5.03083
60282ac916350561b1fdb2241f98314705519b5cf65377c1dfeeea2a99dbfc63,14,4.88773
31e5d99417e8b4fe1079fed5af08ae3d7d3c37380a2f9426af899af4f0b66369,46,3.74563
cd42404d52ad55ccfa9aca4adc828aa5800ad9d385a0671fbcbf724118320619,13,4.95672
b068c5093aed09a10a9732de95a450c094e59f0ac8afede78474b8c75eda95b3,10,5.19789
347a5faf2ae6ce14e420853c869ad569069aa6c6cc65fc7ec23334be00d7dbee,51,3.64454
